{
  "run_dir": "/shared_folders/querylake_server/ray_testing/ray_SCE/docs_tmp/tmux_captures/scenarios/codex/e2e_compact_semantic_v1/20260210-131357",
  "golden_dir": "/shared_folders/querylake_server/ray_testing/ray_SCE/docs_tmp/tmux_captures/goldens/codex/e2e_compact_semantic_v1/20260209-181804",
  "scenario": "codex/e2e_compact_semantic_v1",
  "provider": "codex",
  "fail_mode": "strict",
  "overall_status": "fail",
  "thresholds_effective": {
    "layout": {
      "max_drift_score": 0.24,
      "max_missing_frames": 0,
      "max_max_line_count_delta": 2
    },
    "semantic": {
      "max_misses": 0,
      "max_action_count_delta": 0
    },
    "provider": {
      "allow_banner_drift": false,
      "max_token_drifts": 0,
      "require_compaction_markers": true
    },
    "pixel": {
      "enabled": false,
      "max_final_change_ratio": 0.08,
      "max_final_mean_abs_diff": 0.05
    }
  },
  "layout": {
    "status": "fail",
    "failures": [
      "layout_drift_score=0.7458 > max_drift_score=0.24",
      "max_line_delta=10 > max_max_line_count_delta=2"
    ],
    "frame_count_run": 45,
    "frame_count_golden": 241,
    "frame_count_delta": -196,
    "missing_in_run": [],
    "missing_in_golden": [],
    "extra_in_run_outside_overlap": [],
    "extra_in_golden_outside_overlap": [
      46,
      47,
      48,
      49,
      50,
      51,
      52,
      53,
      54,
      55,
      56,
      57,
      58,
      59,
      60,
      61,
      62,
      63,
      64,
      65,
      66,
      67,
      68,
      69,
      70,
      71,
      72,
      73,
      74,
      75,
      76,
      77,
      78,
      79,
      80,
      81,
      82,
      83,
      84,
      85,
      86,
      87,
      88,
      89,
      90,
      91,
      92,
      93,
      94,
      95,
      96,
      97,
      98,
      99,
      100,
      101,
      102,
      103,
      104,
      105,
      106,
      107,
      108,
      109,
      110,
      111,
      112,
      113,
      114,
      115,
      116,
      117,
      118,
      119,
      120,
      121,
      122,
      123,
      124,
      125,
      126,
      127,
      128,
      129,
      130,
      131,
      132,
      133,
      134,
      135,
      136,
      137,
      138,
      139,
      140,
      141,
      142,
      143,
      144,
      145,
      146,
      147,
      148,
      149,
      150,
      151,
      152,
      153,
      154,
      155,
      156,
      157,
      158,
      159,
      160,
      161,
      162,
      163,
      164,
      165,
      166,
      167,
      168,
      169,
      170,
      171,
      172,
      173,
      174,
      175,
      176,
      177,
      178,
      179,
      180,
      181,
      182,
      183,
      184,
      185,
      186,
      187,
      188,
      189,
      190,
      191,
      192,
      193,
      194,
      195,
      196,
      197,
      198,
      199,
      200,
      201,
      202,
      203,
      204,
      205,
      206,
      207,
      208,
      209,
      210,
      211,
      212,
      213,
      214,
      215,
      216,
      217,
      218,
      219,
      220,
      221,
      222,
      223,
      224,
      225,
      226,
      227,
      228,
      229,
      230,
      231,
      232,
      233,
      234,
      235,
      236,
      237,
      238,
      239,
      240,
      241
    ],
    "overlap_window": [
      1,
      45
    ],
    "max_line_delta": 10,
    "mean_line_delta": 10.0,
    "final_similarity": 0.2864,
    "head_similarity": 0.1791,
    "layout_drift_score": 0.7458
  },
  "semantic": {
    "status": "pass",
    "failures": [],
    "run_scenario": "codex/e2e_compact_semantic_v1",
    "golden_scenario": "codex/e2e_compact_semantic_v1",
    "semantic_miss_count": 0,
    "semantic_misses": [],
    "run_semantic_failures_count": 0,
    "action_count_delta": 0,
    "golden_must_contain": [],
    "golden_must_not_contain": [
      "Conversation interrupted"
    ],
    "golden_must_match_regex": []
  },
  "provider_checks": {
    "status": "pass",
    "failures": [],
    "token_drifts": [],
    "allow_banner_drift": false,
    "compaction_marker_missing": []
  },
  "pixel": {
    "enabled": false,
    "status": "skip",
    "frame_index": 45,
    "frame_count_run": 45,
    "frame_count_golden": 241,
    "frame_count_common": 45,
    "metrics": {},
    "failures": []
  },
  "excerpts": {
    "run_first_20": "\u2022 Showcase Primer\n\n  Here's a quick markdown sampler with bold, italic, and inline code sprinkled throughout.\n\n  // TypeScript sample: simple typed function with generics\n  function wrapValue<T>(value: T): { value: T; timestamp: number } {\n    return {\n      value,\n      timestamp: Date.now(),\n    };\n  }\n\n  | Element      | Description                      |\n  |--------------|----------------------------------|\n  | Heading      | Organizes content into sections   |\n  | Emphasis     | Uses bold or italic styles |\n  | Code blocks  | Display multi-line examples       |\n\n  - Feature Highlights\n      - Rendering",
    "golden_first_20": "\n  | Syntax | Example | Purpose |\n  |---|---|---|\n  | Bold | **text** | Strong emphasis |\n  | Italic | *text* | Subtle emphasis |\n  | Inline code | `code` | Code in a sentence |\n\n  ## Nested List Showcase (Flat Rendering)\n\n  - Parent A:\n    Child A.1\n    Child A.2\n  - Parent B:\n    Child B.1\n    Child B.2\n\n\n\u203a Run /review on my current changes\n\n  ? for shortcuts                                                                                                                            99% context left",
    "run_final_20": "          - Child item A.1\n              - Grandchild item A.1.a\n          - Child item A.2\n      - Primary item B\n\n  const hello = (name: string): string => {\n    return `Hello, ${name}!`;\n  };\n\n  console.log(hello(\"Markdown Fan\"));\n\n  | Feature | Description |\n  | --- | --- |\n\n\u2022 Preparing markdown content with specified elements (<duration> \u2022 esc to interrupt)\n\n\n\u203a Implement {feature}\n\n  ? for shortcuts                                                                                     99% context left",
    "golden_final_20": "  | Table | Markdown | Done |\n\n  ## Nested Lists (Markdown Syntax)\n\n  - Parent A\n    - Child A1\n      - Grandchild A1a\n    - Child A2\n  - Parent B\n    - Child B1\n\n  1. Step One\n     1. Substep One-A\n     2. Substep One-B\n  2. Step Two\n\n\n\u203a Run /review on my current changes\n\n  ? for shortcuts                                                                                                                            99% context left"
  }
}
