{
  "scenario": "codex/e2e_compact_semantic_v1",
  "run_id": "20260210-131357",
  "scenario_result": "pass",
  "duration_seconds": 23.622035026550293,
  "poller_exit_code": -15,
  "poller_terminated_by_runner": true,
  "actions_count": 11,
  "executed_actions_count": 11,
  "semantic_failures_count": 0,
  "provider_new_files_count": 0,
  "capture_label": "codex_e2e_compact_semantic_v1",
  "target": "breadboard_test_refcap_codex_20260210_125126:0.0",
  "action_error": null,
  "provider_error_kind": null,
  "provider_scope_error_files_count": 0,
  "provider_permission_error_files_count": 0
}
